E2F1	CyclinE	Pre_RC	CyclinA	Cdc6	pRB	Myc	geminin	ORC	Cdc25A	Cdt1
0	0	0	0	0	0	0	0	0	0	0
0	0	0	0	0	0	0	0	0	1	0
0	0	0	0	0	0	0	0	1	0	0
0	0	0	0	0	0	0	0	1	1	0
0	0	0	0	0	0	0	1	0	0	0
0	0	0	0	0	0	0	1	0	1	0
0	0	0	0	0	0	0	1	1	0	0
0	0	0	0	0	0	0	1	1	1	0
0	0	0	0	0	0	1	0	0	0	0
0	0	0	0	0	0	1	0	0	1	0
0	0	0	0	0	0	1	0	1	0	0
0	0	0	0	0	0	1	0	1	1	0
0	0	0	0	0	0	1	1	0	0	0
0	0	0	0	0	0	1	1	0	1	0
0	0	0	0	0	0	1	1	1	0	0
0	0	0	0	0	0	1	1	1	1	0
0	0	0	0	0	1	0	0	0	0	0
0	0	0	0	0	1	0	0	0	1	0
0	0	0	0	0	1	0	0	1	0	0
0	0	0	0	0	1	0	0	1	1	0
0	0	0	0	0	1	0	1	0	0	0
0	0	0	0	0	1	0	1	0	1	0
0	0	0	0	0	1	0	1	1	0	0
0	0	0	0	0	1	0	1	1	1	0
0	0	0	0	0	1	1	0	0	0	0
0	0	0	0	0	1	1	0	0	1	0
0	0	0	0	0	1	1	0	1	0	0
0	0	0	0	0	1	1	0	1	1	0
0	0	0	0	0	1	1	1	0	0	0
0	0	0	0	0	1	1	1	0	1	0
0	0	0	0	0	1	1	1	1	0	0
0	0	0	0	0	1	1	1	1	1	0
0	0	0	0	1	0	0	0	0	0	0
0	0	0	0	1	0	0	0	0	1	0
0	0	0	0	1	0	0	0	1	0	0
0	0	0	0	1	0	0	0	1	1	0
0	0	0	0	1	0	0	1	0	0	0
0	0	0	0	1	0	0	1	0	1	0
0	0	0	0	1	0	0	1	1	0	0
0	0	0	0	1	0	0	1	1	1	0
0	0	0	0	1	0	1	0	0	0	0
0	0	0	0	1	0	1	0	0	1	0
0	0	0	0	1	0	1	0	1	0	0
0	0	0	0	1	0	1	0	1	1	0
0	0	0	0	1	0	1	1	0	0	0
0	0	0	0	1	0	1	1	0	1	0
0	0	0	0	1	0	1	1	1	0	0
0	0	0	0	1	0	1	1	1	1	0
0	0	0	0	1	1	0	0	0	0	0
0	0	0	0	1	1	0	0	0	1	0
0	0	0	0	1	1	0	0	1	0	0
0	0	0	0	1	1	0	0	1	1	0
0	0	0	0	1	1	0	1	0	0	0
0	0	0	0	1	1	0	1	0	1	0
0	0	0	0	1	1	0	1	1	0	0
0	0	0	0	1	1	0	1	1	1	0
0	0	0	0	1	1	1	0	0	0	0
0	0	0	0	1	1	1	0	0	1	0
0	0	0	0	1	1	1	0	1	0	0
0	0	0	0	1	1	1	0	1	1	0
0	0	0	0	1	1	1	1	0	0	0
0	0	0	0	1	1	1	1	0	1	0
0	0	0	0	1	1	1	1	1	0	0
0	0	0	0	1	1	1	1	1	1	0
0	0	0	1	0	0	0	0	0	0	0
0	0	0	1	0	0	0	0	0	1	0
0	0	0	1	0	0	0	0	1	0	0
0	0	0	1	0	0	0	0	1	1	0
0	0	0	1	0	0	0	1	0	0	0
0	0	0	1	0	0	0	1	0	1	0
0	0	0	1	0	0	0	1	1	0	0
0	0	0	1	0	0	0	1	1	1	0
0	0	0	1	0	0	1	0	0	0	0
0	0	0	1	0	0	1	0	0	1	0
0	0	0	1	0	0	1	0	1	0	0
0	0	0	1	0	0	1	0	1	1	0
0	0	0	1	0	0	1	1	0	0	0
0	0	0	1	0	0	1	1	0	1	0
0	0	0	1	0	0	1	1	1	0	0
0	0	0	1	0	0	1	1	1	1	0
0	0	0	1	0	1	0	0	0	0	0
0	0	0	1	0	1	0	0	0	1	0
0	0	0	1	0	1	0	0	1	0	0
0	0	0	1	0	1	0	0	1	1	0
0	0	0	1	0	1	0	1	0	0	0
0	0	0	1	0	1	0	1	0	1	0
0	0	0	1	0	1	0	1	1	0	0
0	0	0	1	0	1	0	1	1	1	0
0	0	0	1	0	1	1	0	0	0	0
0	0	0	1	0	1	1	0	0	1	0
0	0	0	1	0	1	1	0	1	0	0
0	0	0	1	0	1	1	0	1	1	0
0	0	0	1	0	1	1	1	0	0	0
0	0	0	1	0	1	1	1	0	1	0
0	0	0	1	0	1	1	1	1	0	0
0	0	0	1	0	1	1	1	1	1	0
0	0	0	1	1	0	0	0	0	0	0
0	0	0	1	1	0	0	0	0	1	0
0	0	0	1	1	0	0	0	1	0	0
0	0	0	1	1	0	0	0	1	1	0
0	0	0	1	1	0	0	1	0	0	0
0	0	0	1	1	0	0	1	0	1	0
0	0	0	1	1	0	0	1	1	0	0
0	0	0	1	1	0	0	1	1	1	0
0	0	0	1	1	0	1	0	0	0	0
0	0	0	1	1	0	1	0	0	1	0
0	0	0	1	1	0	1	0	1	0	0
0	0	0	1	1	0	1	0	1	1	0
0	0	0	1	1	0	1	1	0	0	0
0	0	0	1	1	0	1	1	0	1	0
0	0	0	1	1	0	1	1	1	0	0
0	0	0	1	1	0	1	1	1	1	0
0	0	0	1	1	1	0	0	0	0	0
0	0	0	1	1	1	0	0	0	1	0
0	0	0	1	1	1	0	0	1	0	0
0	0	0	1	1	1	0	0	1	1	0
0	0	0	1	1	1	0	1	0	0	0
0	0	0	1	1	1	0	1	0	1	0
0	0	0	1	1	1	0	1	1	0	0
0	0	0	1	1	1	0	1	1	1	0
0	0	0	1	1	1	1	0	0	0	0
0	0	0	1	1	1	1	0	0	1	0
0	0	0	1	1	1	1	0	1	0	0
0	0	0	1	1	1	1	0	1	1	0
0	0	0	1	1	1	1	1	0	0	0
0	0	0	1	1	1	1	1	0	1	0
0	0	0	1	1	1	1	1	1	0	0
0	0	0	1	1	1	1	1	1	1	0
0	0	1	0	0	0	0	0	0	0	0
0	0	1	0	0	0	0	0	0	1	0
0	0	1	0	0	0	0	0	1	0	0
0	0	1	0	0	0	0	0	1	1	0
0	0	1	0	0	0	0	1	0	0	0
0	0	1	0	0	0	0	1	0	1	0
0	0	1	0	0	0	0	1	1	0	0
0	0	1	0	0	0	0	1	1	1	0
0	0	1	0	0	0	1	0	0	0	0
0	0	1	0	0	0	1	0	0	1	0
0	0	1	0	0	0	1	0	1	0	0
0	0	1	0	0	0	1	0	1	1	0
0	0	1	0	0	0	1	1	0	0	0
0	0	1	0	0	0	1	1	0	1	0
0	0	1	0	0	0	1	1	1	0	0
0	0	1	0	0	0	1	1	1	1	0
0	0	1	0	0	1	0	0	0	0	0
0	0	1	0	0	1	0	0	0	1	0
0	0	1	0	0	1	0	0	1	0	0
0	0	1	0	0	1	0	0	1	1	0
0	0	1	0	0	1	0	1	0	0	0
0	0	1	0	0	1	0	1	0	1	0
0	0	1	0	0	1	0	1	1	0	0
0	0	1	0	0	1	0	1	1	1	0
0	0	1	0	0	1	1	0	0	0	0
0	0	1	0	0	1	1	0	0	1	0
0	0	1	0	0	1	1	0	1	0	0
0	0	1	0	0	1	1	0	1	1	0
0	0	1	0	0	1	1	1	0	0	0
0	0	1	0	0	1	1	1	0	1	0
0	0	1	0	0	1	1	1	1	0	0
0	0	1	0	0	1	1	1	1	1	0
0	0	1	0	1	0	0	0	0	0	0
0	0	1	0	1	0	0	0	0	1	0
0	0	1	0	1	0	0	0	1	0	0
0	0	1	0	1	0	0	0	1	1	0
0	0	1	0	1	0	0	1	0	0	0
0	0	1	0	1	0	0	1	0	1	0
0	0	1	0	1	0	0	1	1	0	0
0	0	1	0	1	0	0	1	1	1	0
0	0	1	0	1	0	1	0	0	0	0
0	0	1	0	1	0	1	0	0	1	0
0	0	1	0	1	0	1	0	1	0	1
0	0	1	0	1	0	1	0	1	1	1
0	0	1	0	1	0	1	1	0	0	0
0	0	1	0	1	0	1	1	0	1	0
0	0	1	0	1	0	1	1	1	0	0
0	0	1	0	1	0	1	1	1	1	0
0	0	1	0	1	1	0	0	0	0	0
0	0	1	0	1	1	0	0	0	1	0
0	0	1	0	1	1	0	0	1	0	0
0	0	1	0	1	1	0	0	1	1	0
0	0	1	0	1	1	0	1	0	0	0
0	0	1	0	1	1	0	1	0	1	0
0	0	1	0	1	1	0	1	1	0	0
0	0	1	0	1	1	0	1	1	1	0
0	0	1	0	1	1	1	0	0	0	0
0	0	1	0	1	1	1	0	0	1	0
0	0	1	0	1	1	1	0	1	0	1
0	0	1	0	1	1	1	0	1	1	1
0	0	1	0	1	1	1	1	0	0	0
0	0	1	0	1	1	1	1	0	1	0
0	0	1	0	1	1	1	1	1	0	0
0	0	1	0	1	1	1	1	1	1	0
0	0	1	1	0	0	0	0	0	0	0
0	0	1	1	0	0	0	0	0	1	0
0	0	1	1	0	0	0	0	1	0	0
0	0	1	1	0	0	0	0	1	1	0
0	0	1	1	0	0	0	1	0	0	0
0	0	1	1	0	0	0	1	0	1	0
0	0	1	1	0	0	0	1	1	0	0
0	0	1	1	0	0	0	1	1	1	0
0	0	1	1	0	0	1	0	0	0	0
0	0	1	1	0	0	1	0	0	1	0
0	0	1	1	0	0	1	0	1	0	0
0	0	1	1	0	0	1	0	1	1	0
0	0	1	1	0	0	1	1	0	0	0
0	0	1	1	0	0	1	1	0	1	0
0	0	1	1	0	0	1	1	1	0	0
0	0	1	1	0	0	1	1	1	1	0
0	0	1	1	0	1	0	0	0	0	0
0	0	1	1	0	1	0	0	0	1	0
0	0	1	1	0	1	0	0	1	0	0
0	0	1	1	0	1	0	0	1	1	0
0	0	1	1	0	1	0	1	0	0	0
0	0	1	1	0	1	0	1	0	1	0
0	0	1	1	0	1	0	1	1	0	0
0	0	1	1	0	1	0	1	1	1	0
0	0	1	1	0	1	1	0	0	0	0
0	0	1	1	0	1	1	0	0	1	0
0	0	1	1	0	1	1	0	1	0	0
0	0	1	1	0	1	1	0	1	1	0
0	0	1	1	0	1	1	1	0	0	0
0	0	1	1	0	1	1	1	0	1	0
0	0	1	1	0	1	1	1	1	0	0
0	0	1	1	0	1	1	1	1	1	0
0	0	1	1	1	0	0	0	0	0	0
0	0	1	1	1	0	0	0	0	1	0
0	0	1	1	1	0	0	0	1	0	0
0	0	1	1	1	0	0	0	1	1	0
0	0	1	1	1	0	0	1	0	0	0
0	0	1	1	1	0	0	1	0	1	0
0	0	1	1	1	0	0	1	1	0	0
0	0	1	1	1	0	0	1	1	1	0
0	0	1	1	1	0	1	0	0	0	0
0	0	1	1	1	0	1	0	0	1	0
0	0	1	1	1	0	1	0	1	0	1
0	0	1	1	1	0	1	0	1	1	1
0	0	1	1	1	0	1	1	0	0	0
0	0	1	1	1	0	1	1	0	1	0
0	0	1	1	1	0	1	1	1	0	0
0	0	1	1	1	0	1	1	1	1	0
0	0	1	1	1	1	0	0	0	0	0
0	0	1	1	1	1	0	0	0	1	0
0	0	1	1	1	1	0	0	1	0	0
0	0	1	1	1	1	0	0	1	1	0
0	0	1	1	1	1	0	1	0	0	0
0	0	1	1	1	1	0	1	0	1	0
0	0	1	1	1	1	0	1	1	0	0
0	0	1	1	1	1	0	1	1	1	0
0	0	1	1	1	1	1	0	0	0	0
0	0	1	1	1	1	1	0	0	1	0
0	0	1	1	1	1	1	0	1	0	1
0	0	1	1	1	1	1	0	1	1	1
0	0	1	1	1	1	1	1	0	0	0
0	0	1	1	1	1	1	1	0	1	0
0	0	1	1	1	1	1	1	1	0	0
0	0	1	1	1	1	1	1	1	1	0
0	1	0	0	0	0	0	0	0	0	0
0	1	0	0	0	0	0	0	0	1	0
0	1	0	0	0	0	0	0	1	0	0
0	1	0	0	0	0	0	0	1	1	0
0	1	0	0	0	0	0	1	0	0	0
0	1	0	0	0	0	0	1	0	1	0
0	1	0	0	0	0	0	1	1	0	0
0	1	0	0	0	0	0	1	1	1	0
0	1	0	0	0	0	1	0	0	0	0
0	1	0	0	0	0	1	0	0	1	0
0	1	0	0	0	0	1	0	1	0	0
0	1	0	0	0	0	1	0	1	1	0
0	1	0	0	0	0	1	1	0	0	0
0	1	0	0	0	0	1	1	0	1	0
0	1	0	0	0	0	1	1	1	0	0
0	1	0	0	0	0	1	1	1	1	0
0	1	0	0	0	1	0	0	0	0	0
0	1	0	0	0	1	0	0	0	1	0
0	1	0	0	0	1	0	0	1	0	0
0	1	0	0	0	1	0	0	1	1	0
0	1	0	0	0	1	0	1	0	0	0
0	1	0	0	0	1	0	1	0	1	0
0	1	0	0	0	1	0	1	1	0	0
0	1	0	0	0	1	0	1	1	1	0
0	1	0	0	0	1	1	0	0	0	0
0	1	0	0	0	1	1	0	0	1	0
0	1	0	0	0	1	1	0	1	0	0
0	1	0	0	0	1	1	0	1	1	0
0	1	0	0	0	1	1	1	0	0	0
0	1	0	0	0	1	1	1	0	1	0
0	1	0	0	0	1	1	1	1	0	0
0	1	0	0	0	1	1	1	1	1	0
0	1	0	0	1	0	0	0	0	0	0
0	1	0	0	1	0	0	0	0	1	0
0	1	0	0	1	0	0	0	1	0	0
0	1	0	0	1	0	0	0	1	1	0
0	1	0	0	1	0	0	1	0	0	0
0	1	0	0	1	0	0	1	0	1	0
0	1	0	0	1	0	0	1	1	0	0
0	1	0	0	1	0	0	1	1	1	0
0	1	0	0	1	0	1	0	0	0	0
0	1	0	0	1	0	1	0	0	1	0
0	1	0	0	1	0	1	0	1	0	0
0	1	0	0	1	0	1	0	1	1	0
0	1	0	0	1	0	1	1	0	0	0
0	1	0	0	1	0	1	1	0	1	0
0	1	0	0	1	0	1	1	1	0	0
0	1	0	0	1	0	1	1	1	1	0
0	1	0	0	1	1	0	0	0	0	0
0	1	0	0	1	1	0	0	0	1	0
0	1	0	0	1	1	0	0	1	0	0
0	1	0	0	1	1	0	0	1	1	0
0	1	0	0	1	1	0	1	0	0	0
0	1	0	0	1	1	0	1	0	1	0
0	1	0	0	1	1	0	1	1	0	0
0	1	0	0	1	1	0	1	1	1	0
0	1	0	0	1	1	1	0	0	0	0
0	1	0	0	1	1	1	0	0	1	0
0	1	0	0	1	1	1	0	1	0	0
0	1	0	0	1	1	1	0	1	1	0
0	1	0	0	1	1	1	1	0	0	0
0	1	0	0	1	1	1	1	0	1	0
0	1	0	0	1	1	1	1	1	0	0
0	1	0	0	1	1	1	1	1	1	0
0	1	0	1	0	0	0	0	0	0	0
0	1	0	1	0	0	0	0	0	1	0
0	1	0	1	0	0	0	0	1	0	0
0	1	0	1	0	0	0	0	1	1	0
0	1	0	1	0	0	0	1	0	0	0
0	1	0	1	0	0	0	1	0	1	0
0	1	0	1	0	0	0	1	1	0	0
0	1	0	1	0	0	0	1	1	1	0
0	1	0	1	0	0	1	0	0	0	0
0	1	0	1	0	0	1	0	0	1	0
0	1	0	1	0	0	1	0	1	0	0
0	1	0	1	0	0	1	0	1	1	0
0	1	0	1	0	0	1	1	0	0	0
0	1	0	1	0	0	1	1	0	1	0
0	1	0	1	0	0	1	1	1	0	0
0	1	0	1	0	0	1	1	1	1	0
0	1	0	1	0	1	0	0	0	0	0
0	1	0	1	0	1	0	0	0	1	0
0	1	0	1	0	1	0	0	1	0	0
0	1	0	1	0	1	0	0	1	1	0
0	1	0	1	0	1	0	1	0	0	0
0	1	0	1	0	1	0	1	0	1	0
0	1	0	1	0	1	0	1	1	0	0
0	1	0	1	0	1	0	1	1	1	0
0	1	0	1	0	1	1	0	0	0	0
0	1	0	1	0	1	1	0	0	1	0
0	1	0	1	0	1	1	0	1	0	0
0	1	0	1	0	1	1	0	1	1	0
0	1	0	1	0	1	1	1	0	0	0
0	1	0	1	0	1	1	1	0	1	0
0	1	0	1	0	1	1	1	1	0	0
0	1	0	1	0	1	1	1	1	1	0
0	1	0	1	1	0	0	0	0	0	0
0	1	0	1	1	0	0	0	0	1	0
0	1	0	1	1	0	0	0	1	0	0
0	1	0	1	1	0	0	0	1	1	0
0	1	0	1	1	0	0	1	0	0	0
0	1	0	1	1	0	0	1	0	1	0
0	1	0	1	1	0	0	1	1	0	0
0	1	0	1	1	0	0	1	1	1	0
0	1	0	1	1	0	1	0	0	0	0
0	1	0	1	1	0	1	0	0	1	0
0	1	0	1	1	0	1	0	1	0	0
0	1	0	1	1	0	1	0	1	1	0
0	1	0	1	1	0	1	1	0	0	0
0	1	0	1	1	0	1	1	0	1	0
0	1	0	1	1	0	1	1	1	0	0
0	1	0	1	1	0	1	1	1	1	0
0	1	0	1	1	1	0	0	0	0	0
0	1	0	1	1	1	0	0	0	1	0
0	1	0	1	1	1	0	0	1	0	0
0	1	0	1	1	1	0	0	1	1	0
0	1	0	1	1	1	0	1	0	0	0
0	1	0	1	1	1	0	1	0	1	0
0	1	0	1	1	1	0	1	1	0	0
0	1	0	1	1	1	0	1	1	1	0
0	1	0	1	1	1	1	0	0	0	0
0	1	0	1	1	1	1	0	0	1	0
0	1	0	1	1	1	1	0	1	0	0
0	1	0	1	1	1	1	0	1	1	0
0	1	0	1	1	1	1	1	0	0	0
0	1	0	1	1	1	1	1	0	1	0
0	1	0	1	1	1	1	1	1	0	0
0	1	0	1	1	1	1	1	1	1	0
0	1	1	0	0	0	0	0	0	0	0
0	1	1	0	0	0	0	0	0	1	0
0	1	1	0	0	0	0	0	1	0	0
0	1	1	0	0	0	0	0	1	1	0
0	1	1	0	0	0	0	1	0	0	0
0	1	1	0	0	0	0	1	0	1	0
0	1	1	0	0	0	0	1	1	0	0
0	1	1	0	0	0	0	1	1	1	0
0	1	1	0	0	0	1	0	0	0	0
0	1	1	0	0	0	1	0	0	1	0
0	1	1	0	0	0	1	0	1	0	0
0	1	1	0	0	0	1	0	1	1	0
0	1	1	0	0	0	1	1	0	0	0
0	1	1	0	0	0	1	1	0	1	0
0	1	1	0	0	0	1	1	1	0	0
0	1	1	0	0	0	1	1	1	1	0
0	1	1	0	0	1	0	0	0	0	0
0	1	1	0	0	1	0	0	0	1	0
0	1	1	0	0	1	0	0	1	0	0
0	1	1	0	0	1	0	0	1	1	0
0	1	1	0	0	1	0	1	0	0	0
0	1	1	0	0	1	0	1	0	1	0
0	1	1	0	0	1	0	1	1	0	0
0	1	1	0	0	1	0	1	1	1	0
0	1	1	0	0	1	1	0	0	0	0
0	1	1	0	0	1	1	0	0	1	0
0	1	1	0	0	1	1	0	1	0	0
0	1	1	0	0	1	1	0	1	1	0
0	1	1	0	0	1	1	1	0	0	0
0	1	1	0	0	1	1	1	0	1	0
0	1	1	0	0	1	1	1	1	0	0
0	1	1	0	0	1	1	1	1	1	0
0	1	1	0	1	0	0	0	0	0	0
0	1	1	0	1	0	0	0	0	1	0
0	1	1	0	1	0	0	0	1	0	0
0	1	1	0	1	0	0	0	1	1	0
0	1	1	0	1	0	0	1	0	0	0
0	1	1	0	1	0	0	1	0	1	0
0	1	1	0	1	0	0	1	1	0	0
0	1	1	0	1	0	0	1	1	1	0
0	1	1	0	1	0	1	0	0	0	0
0	1	1	0	1	0	1	0	0	1	0
0	1	1	0	1	0	1	0	1	0	1
0	1	1	0	1	0	1	0	1	1	1
0	1	1	0	1	0	1	1	0	0	0
0	1	1	0	1	0	1	1	0	1	0
0	1	1	0	1	0	1	1	1	0	0
0	1	1	0	1	0	1	1	1	1	0
0	1	1	0	1	1	0	0	0	0	0
0	1	1	0	1	1	0	0	0	1	0
0	1	1	0	1	1	0	0	1	0	0
0	1	1	0	1	1	0	0	1	1	0
0	1	1	0	1	1	0	1	0	0	0
0	1	1	0	1	1	0	1	0	1	0
0	1	1	0	1	1	0	1	1	0	0
0	1	1	0	1	1	0	1	1	1	0
0	1	1	0	1	1	1	0	0	0	0
0	1	1	0	1	1	1	0	0	1	0
0	1	1	0	1	1	1	0	1	0	1
0	1	1	0	1	1	1	0	1	1	1
0	1	1	0	1	1	1	1	0	0	0
0	1	1	0	1	1	1	1	0	1	0
0	1	1	0	1	1	1	1	1	0	0
0	1	1	0	1	1	1	1	1	1	0
0	1	1	1	0	0	0	0	0	0	0
0	1	1	1	0	0	0	0	0	1	0
0	1	1	1	0	0	0	0	1	0	0
0	1	1	1	0	0	0	0	1	1	0
0	1	1	1	0	0	0	1	0	0	0
0	1	1	1	0	0	0	1	0	1	0
0	1	1	1	0	0	0	1	1	0	0
0	1	1	1	0	0	0	1	1	1	0
0	1	1	1	0	0	1	0	0	0	0
0	1	1	1	0	0	1	0	0	1	0
0	1	1	1	0	0	1	0	1	0	0
0	1	1	1	0	0	1	0	1	1	0
0	1	1	1	0	0	1	1	0	0	0
0	1	1	1	0	0	1	1	0	1	0
0	1	1	1	0	0	1	1	1	0	0
0	1	1	1	0	0	1	1	1	1	0
0	1	1	1	0	1	0	0	0	0	0
0	1	1	1	0	1	0	0	0	1	0
0	1	1	1	0	1	0	0	1	0	0
0	1	1	1	0	1	0	0	1	1	0
0	1	1	1	0	1	0	1	0	0	0
0	1	1	1	0	1	0	1	0	1	0
0	1	1	1	0	1	0	1	1	0	0
0	1	1	1	0	1	0	1	1	1	0
0	1	1	1	0	1	1	0	0	0	0
0	1	1	1	0	1	1	0	0	1	0
0	1	1	1	0	1	1	0	1	0	0
0	1	1	1	0	1	1	0	1	1	0
0	1	1	1	0	1	1	1	0	0	0
0	1	1	1	0	1	1	1	0	1	0
0	1	1	1	0	1	1	1	1	0	0
0	1	1	1	0	1	1	1	1	1	0
0	1	1	1	1	0	0	0	0	0	0
0	1	1	1	1	0	0	0	0	1	0
0	1	1	1	1	0	0	0	1	0	0
0	1	1	1	1	0	0	0	1	1	0
0	1	1	1	1	0	0	1	0	0	0
0	1	1	1	1	0	0	1	0	1	0
0	1	1	1	1	0	0	1	1	0	0
0	1	1	1	1	0	0	1	1	1	0
0	1	1	1	1	0	1	0	0	0	0
0	1	1	1	1	0	1	0	0	1	0
0	1	1	1	1	0	1	0	1	0	1
0	1	1	1	1	0	1	0	1	1	0
0	1	1	1	1	0	1	1	0	0	0
0	1	1	1	1	0	1	1	0	1	0
0	1	1	1	1	0	1	1	1	0	0
0	1	1	1	1	0	1	1	1	1	0
0	1	1	1	1	1	0	0	0	0	0
0	1	1	1	1	1	0	0	0	1	0
0	1	1	1	1	1	0	0	1	0	0
0	1	1	1	1	1	0	0	1	1	0
0	1	1	1	1	1	0	1	0	0	0
0	1	1	1	1	1	0	1	0	1	0
0	1	1	1	1	1	0	1	1	0	0
0	1	1	1	1	1	0	1	1	1	0
0	1	1	1	1	1	1	0	0	0	0
0	1	1	1	1	1	1	0	0	1	0
0	1	1	1	1	1	1	0	1	0	1
0	1	1	1	1	1	1	0	1	1	0
0	1	1	1	1	1	1	1	0	0	0
0	1	1	1	1	1	1	1	0	1	0
0	1	1	1	1	1	1	1	1	0	0
0	1	1	1	1	1	1	1	1	1	0
1	0	0	0	0	0	0	0	0	0	0
1	0	0	0	0	0	0	0	0	1	0
1	0	0	0	0	0	0	0	1	0	0
1	0	0	0	0	0	0	0	1	1	0
1	0	0	0	0	0	0	1	0	0	0
1	0	0	0	0	0	0	1	0	1	0
1	0	0	0	0	0	0	1	1	0	0
1	0	0	0	0	0	0	1	1	1	0
1	0	0	0	0	0	1	0	0	0	0
1	0	0	0	0	0	1	0	0	1	0
1	0	0	0	0	0	1	0	1	0	0
1	0	0	0	0	0	1	0	1	1	0
1	0	0	0	0	0	1	1	0	0	0
1	0	0	0	0	0	1	1	0	1	0
1	0	0	0	0	0	1	1	1	0	0
1	0	0	0	0	0	1	1	1	1	0
1	0	0	0	0	1	0	0	0	0	0
1	0	0	0	0	1	0	0	0	1	0
1	0	0	0	0	1	0	0	1	0	0
1	0	0	0	0	1	0	0	1	1	0
1	0	0	0	0	1	0	1	0	0	0
1	0	0	0	0	1	0	1	0	1	0
1	0	0	0	0	1	0	1	1	0	0
1	0	0	0	0	1	0	1	1	1	0
1	0	0	0	0	1	1	0	0	0	0
1	0	0	0	0	1	1	0	0	1	0
1	0	0	0	0	1	1	0	1	0	0
1	0	0	0	0	1	1	0	1	1	0
1	0	0	0	0	1	1	1	0	0	0
1	0	0	0	0	1	1	1	0	1	0
1	0	0	0	0	1	1	1	1	0	0
1	0	0	0	0	1	1	1	1	1	0
1	0	0	0	1	0	0	0	0	0	0
1	0	0	0	1	0	0	0	0	1	0
1	0	0	0	1	0	0	0	1	0	1
1	0	0	0	1	0	0	0	1	1	1
1	0	0	0	1	0	0	1	0	0	0
1	0	0	0	1	0	0	1	0	1	0
1	0	0	0	1	0	0	1	1	0	0
1	0	0	0	1	0	0	1	1	1	0
1	0	0	0	1	0	1	0	0	0	0
1	0	0	0	1	0	1	0	0	1	0
1	0	0	0	1	0	1	0	1	0	1
1	0	0	0	1	0	1	0	1	1	1
1	0	0	0	1	0	1	1	0	0	0
1	0	0	0	1	0	1	1	0	1	0
1	0	0	0	1	0	1	1	1	0	0
1	0	0	0	1	0	1	1	1	1	0
1	0	0	0	1	1	0	0	0	0	0
1	0	0	0	1	1	0	0	0	1	0
1	0	0	0	1	1	0	0	1	0	0
1	0	0	0	1	1	0	0	1	1	0
1	0	0	0	1	1	0	1	0	0	0
1	0	0	0	1	1	0	1	0	1	0
1	0	0	0	1	1	0	1	1	0	0
1	0	0	0	1	1	0	1	1	1	0
1	0	0	0	1	1	1	0	0	0	0
1	0	0	0	1	1	1	0	0	1	0
1	0	0	0	1	1	1	0	1	0	1
1	0	0	0	1	1	1	0	1	1	1
1	0	0	0	1	1	1	1	0	0	0
1	0	0	0	1	1	1	1	0	1	0
1	0	0	0	1	1	1	1	1	0	0
1	0	0	0	1	1	1	1	1	1	0
1	0	0	1	0	0	0	0	0	0	0
1	0	0	1	0	0	0	0	0	1	0
1	0	0	1	0	0	0	0	1	0	0
1	0	0	1	0	0	0	0	1	1	0
1	0	0	1	0	0	0	1	0	0	0
1	0	0	1	0	0	0	1	0	1	0
1	0	0	1	0	0	0	1	1	0	0
1	0	0	1	0	0	0	1	1	1	0
1	0	0	1	0	0	1	0	0	0	0
1	0	0	1	0	0	1	0	0	1	0
1	0	0	1	0	0	1	0	1	0	0
1	0	0	1	0	0	1	0	1	1	0
1	0	0	1	0	0	1	1	0	0	0
1	0	0	1	0	0	1	1	0	1	0
1	0	0	1	0	0	1	1	1	0	0
1	0	0	1	0	0	1	1	1	1	0
1	0	0	1	0	1	0	0	0	0	0
1	0	0	1	0	1	0	0	0	1	0
1	0	0	1	0	1	0	0	1	0	0
1	0	0	1	0	1	0	0	1	1	0
1	0	0	1	0	1	0	1	0	0	0
1	0	0	1	0	1	0	1	0	1	0
1	0	0	1	0	1	0	1	1	0	0
1	0	0	1	0	1	0	1	1	1	0
1	0	0	1	0	1	1	0	0	0	0
1	0	0	1	0	1	1	0	0	1	0
1	0	0	1	0	1	1	0	1	0	0
1	0	0	1	0	1	1	0	1	1	0
1	0	0	1	0	1	1	1	0	0	0
1	0	0	1	0	1	1	1	0	1	0
1	0	0	1	0	1	1	1	1	0	0
1	0	0	1	0	1	1	1	1	1	0
1	0	0	1	1	0	0	0	0	0	0
1	0	0	1	1	0	0	0	0	1	0
1	0	0	1	1	0	0	0	1	0	1
1	0	0	1	1	0	0	0	1	1	1
1	0	0	1	1	0	0	1	0	0	0
1	0	0	1	1	0	0	1	0	1	0
1	0	0	1	1	0	0	1	1	0	0
1	0	0	1	1	0	0	1	1	1	0
1	0	0	1	1	0	1	0	0	0	0
1	0	0	1	1	0	1	0	0	1	0
1	0	0	1	1	0	1	0	1	0	1
1	0	0	1	1	0	1	0	1	1	1
1	0	0	1	1	0	1	1	0	0	0
1	0	0	1	1	0	1	1	0	1	0
1	0	0	1	1	0	1	1	1	0	0
1	0	0	1	1	0	1	1	1	1	0
1	0	0	1	1	1	0	0	0	0	0
1	0	0	1	1	1	0	0	0	1	0
1	0	0	1	1	1	0	0	1	0	0
1	0	0	1	1	1	0	0	1	1	0
1	0	0	1	1	1	0	1	0	0	0
1	0	0	1	1	1	0	1	0	1	0
1	0	0	1	1	1	0	1	1	0	0
1	0	0	1	1	1	0	1	1	1	0
1	0	0	1	1	1	1	0	0	0	0
1	0	0	1	1	1	1	0	0	1	0
1	0	0	1	1	1	1	0	1	0	1
1	0	0	1	1	1	1	0	1	1	1
1	0	0	1	1	1	1	1	0	0	0
1	0	0	1	1	1	1	1	0	1	0
1	0	0	1	1	1	1	1	1	0	0
1	0	0	1	1	1	1	1	1	1	0
1	0	1	0	0	0	0	0	0	0	0
1	0	1	0	0	0	0	0	0	1	0
1	0	1	0	0	0	0	0	1	0	0
1	0	1	0	0	0	0	0	1	1	0
1	0	1	0	0	0	0	1	0	0	0
1	0	1	0	0	0	0	1	0	1	0
1	0	1	0	0	0	0	1	1	0	0
1	0	1	0	0	0	0	1	1	1	0
1	0	1	0	0	0	1	0	0	0	0
1	0	1	0	0	0	1	0	0	1	0
1	0	1	0	0	0	1	0	1	0	0
1	0	1	0	0	0	1	0	1	1	0
1	0	1	0	0	0	1	1	0	0	0
1	0	1	0	0	0	1	1	0	1	0
1	0	1	0	0	0	1	1	1	0	0
1	0	1	0	0	0	1	1	1	1	0
1	0	1	0	0	1	0	0	0	0	0
1	0	1	0	0	1	0	0	0	1	0
1	0	1	0	0	1	0	0	1	0	0
1	0	1	0	0	1	0	0	1	1	0
1	0	1	0	0	1	0	1	0	0	0
1	0	1	0	0	1	0	1	0	1	0
1	0	1	0	0	1	0	1	1	0	0
1	0	1	0	0	1	0	1	1	1	0
1	0	1	0	0	1	1	0	0	0	0
1	0	1	0	0	1	1	0	0	1	0
1	0	1	0	0	1	1	0	1	0	0
1	0	1	0	0	1	1	0	1	1	0
1	0	1	0	0	1	1	1	0	0	0
1	0	1	0	0	1	1	1	0	1	0
1	0	1	0	0	1	1	1	1	0	0
1	0	1	0	0	1	1	1	1	1	0
1	0	1	0	1	0	0	0	0	0	0
1	0	1	0	1	0	0	0	0	1	0
1	0	1	0	1	0	0	0	1	0	1
1	0	1	0	1	0	0	0	1	1	1
1	0	1	0	1	0	0	1	0	0	0
1	0	1	0	1	0	0	1	0	1	0
1	0	1	0	1	0	0	1	1	0	0
1	0	1	0	1	0	0	1	1	1	0
1	0	1	0	1	0	1	0	0	0	0
1	0	1	0	1	0	1	0	0	1	0
1	0	1	0	1	0	1	0	1	0	1
1	0	1	0	1	0	1	0	1	1	1
1	0	1	0	1	0	1	1	0	0	0
1	0	1	0	1	0	1	1	0	1	0
1	0	1	0	1	0	1	1	1	0	0
1	0	1	0	1	0	1	1	1	1	0
1	0	1	0	1	1	0	0	0	0	0
1	0	1	0	1	1	0	0	0	1	0
1	0	1	0	1	1	0	0	1	0	1
1	0	1	0	1	1	0	0	1	1	1
1	0	1	0	1	1	0	1	0	0	0
1	0	1	0	1	1	0	1	0	1	0
1	0	1	0	1	1	0	1	1	0	0
1	0	1	0	1	1	0	1	1	1	0
1	0	1	0	1	1	1	0	0	0	0
1	0	1	0	1	1	1	0	0	1	0
1	0	1	0	1	1	1	0	1	0	1
1	0	1	0	1	1	1	0	1	1	1
1	0	1	0	1	1	1	1	0	0	0
1	0	1	0	1	1	1	1	0	1	0
1	0	1	0	1	1	1	1	1	0	0
1	0	1	0	1	1	1	1	1	1	0
1	0	1	1	0	0	0	0	0	0	0
1	0	1	1	0	0	0	0	0	1	0
1	0	1	1	0	0	0	0	1	0	0
1	0	1	1	0	0	0	0	1	1	0
1	0	1	1	0	0	0	1	0	0	0
1	0	1	1	0	0	0	1	0	1	0
1	0	1	1	0	0	0	1	1	0	0
1	0	1	1	0	0	0	1	1	1	0
1	0	1	1	0	0	1	0	0	0	0
1	0	1	1	0	0	1	0	0	1	0
1	0	1	1	0	0	1	0	1	0	0
1	0	1	1	0	0	1	0	1	1	0
1	0	1	1	0	0	1	1	0	0	0
1	0	1	1	0	0	1	1	0	1	0
1	0	1	1	0	0	1	1	1	0	0
1	0	1	1	0	0	1	1	1	1	0
1	0	1	1	0	1	0	0	0	0	0
1	0	1	1	0	1	0	0	0	1	0
1	0	1	1	0	1	0	0	1	0	0
1	0	1	1	0	1	0	0	1	1	0
1	0	1	1	0	1	0	1	0	0	0
1	0	1	1	0	1	0	1	0	1	0
1	0	1	1	0	1	0	1	1	0	0
1	0	1	1	0	1	0	1	1	1	0
1	0	1	1	0	1	1	0	0	0	0
1	0	1	1	0	1	1	0	0	1	0
1	0	1	1	0	1	1	0	1	0	0
1	0	1	1	0	1	1	0	1	1	0
1	0	1	1	0	1	1	1	0	0	0
1	0	1	1	0	1	1	1	0	1	0
1	0	1	1	0	1	1	1	1	0	0
1	0	1	1	0	1	1	1	1	1	0
1	0	1	1	1	0	0	0	0	0	0
1	0	1	1	1	0	0	0	0	1	0
1	0	1	1	1	0	0	0	1	0	1
1	0	1	1	1	0	0	0	1	1	1
1	0	1	1	1	0	0	1	0	0	0
1	0	1	1	1	0	0	1	0	1	0
1	0	1	1	1	0	0	1	1	0	0
1	0	1	1	1	0	0	1	1	1	0
1	0	1	1	1	0	1	0	0	0	0
1	0	1	1	1	0	1	0	0	1	0
1	0	1	1	1	0	1	0	1	0	1
1	0	1	1	1	0	1	0	1	1	1
1	0	1	1	1	0	1	1	0	0	0
1	0	1	1	1	0	1	1	0	1	0
1	0	1	1	1	0	1	1	1	0	0
1	0	1	1	1	0	1	1	1	1	0
1	0	1	1	1	1	0	0	0	0	0
1	0	1	1	1	1	0	0	0	1	0
1	0	1	1	1	1	0	0	1	0	1
1	0	1	1	1	1	0	0	1	1	1
1	0	1	1	1	1	0	1	0	0	0
1	0	1	1	1	1	0	1	0	1	0
1	0	1	1	1	1	0	1	1	0	0
1	0	1	1	1	1	0	1	1	1	0
1	0	1	1	1	1	1	0	0	0	0
1	0	1	1	1	1	1	0	0	1	0
1	0	1	1	1	1	1	0	1	0	1
1	0	1	1	1	1	1	0	1	1	1
1	0	1	1	1	1	1	1	0	0	0
1	0	1	1	1	1	1	1	0	1	0
1	0	1	1	1	1	1	1	1	0	0
1	0	1	1	1	1	1	1	1	1	0
1	1	0	0	0	0	0	0	0	0	0
1	1	0	0	0	0	0	0	0	1	0
1	1	0	0	0	0	0	0	1	0	0
1	1	0	0	0	0	0	0	1	1	0
1	1	0	0	0	0	0	1	0	0	0
1	1	0	0	0	0	0	1	0	1	0
1	1	0	0	0	0	0	1	1	0	0
1	1	0	0	0	0	0	1	1	1	0
1	1	0	0	0	0	1	0	0	0	0
1	1	0	0	0	0	1	0	0	1	0
1	1	0	0	0	0	1	0	1	0	0
1	1	0	0	0	0	1	0	1	1	0
1	1	0	0	0	0	1	1	0	0	0
1	1	0	0	0	0	1	1	0	1	0
1	1	0	0	0	0	1	1	1	0	0
1	1	0	0	0	0	1	1	1	1	0
1	1	0	0	0	1	0	0	0	0	0
1	1	0	0	0	1	0	0	0	1	0
1	1	0	0	0	1	0	0	1	0	0
1	1	0	0	0	1	0	0	1	1	0
1	1	0	0	0	1	0	1	0	0	0
1	1	0	0	0	1	0	1	0	1	0
1	1	0	0	0	1	0	1	1	0	0
1	1	0	0	0	1	0	1	1	1	0
1	1	0	0	0	1	1	0	0	0	0
1	1	0	0	0	1	1	0	0	1	0
1	1	0	0	0	1	1	0	1	0	0
1	1	0	0	0	1	1	0	1	1	0
1	1	0	0	0	1	1	1	0	0	0
1	1	0	0	0	1	1	1	0	1	0
1	1	0	0	0	1	1	1	1	0	0
1	1	0	0	0	1	1	1	1	1	0
1	1	0	0	1	0	0	0	0	0	0
1	1	0	0	1	0	0	0	0	1	0
1	1	0	0	1	0	0	0	1	0	1
1	1	0	0	1	0	0	0	1	1	1
1	1	0	0	1	0	0	1	0	0	0
1	1	0	0	1	0	0	1	0	1	0
1	1	0	0	1	0	0	1	1	0	0
1	1	0	0	1	0	0	1	1	1	0
1	1	0	0	1	0	1	0	0	0	0
1	1	0	0	1	0	1	0	0	1	0
1	1	0	0	1	0	1	0	1	0	1
1	1	0	0	1	0	1	0	1	1	1
1	1	0	0	1	0	1	1	0	0	0
1	1	0	0	1	0	1	1	0	1	0
1	1	0	0	1	0	1	1	1	0	0
1	1	0	0	1	0	1	1	1	1	0
1	1	0	0	1	1	0	0	0	0	0
1	1	0	0	1	1	0	0	0	1	0
1	1	0	0	1	1	0	0	1	0	0
1	1	0	0	1	1	0	0	1	1	0
1	1	0	0	1	1	0	1	0	0	0
1	1	0	0	1	1	0	1	0	1	0
1	1	0	0	1	1	0	1	1	0	0
1	1	0	0	1	1	0	1	1	1	0
1	1	0	0	1	1	1	0	0	0	0
1	1	0	0	1	1	1	0	0	1	0
1	1	0	0	1	1	1	0	1	0	1
1	1	0	0	1	1	1	0	1	1	1
1	1	0	0	1	1	1	1	0	0	0
1	1	0	0	1	1	1	1	0	1	0
1	1	0	0	1	1	1	1	1	0	0
1	1	0	0	1	1	1	1	1	1	0
1	1	0	1	0	0	0	0	0	0	0
1	1	0	1	0	0	0	0	0	1	0
1	1	0	1	0	0	0	0	1	0	0
1	1	0	1	0	0	0	0	1	1	0
1	1	0	1	0	0	0	1	0	0	0
1	1	0	1	0	0	0	1	0	1	0
1	1	0	1	0	0	0	1	1	0	0
1	1	0	1	0	0	0	1	1	1	0
1	1	0	1	0	0	1	0	0	0	0
1	1	0	1	0	0	1	0	0	1	0
1	1	0	1	0	0	1	0	1	0	0
1	1	0	1	0	0	1	0	1	1	0
1	1	0	1	0	0	1	1	0	0	0
1	1	0	1	0	0	1	1	0	1	0
1	1	0	1	0	0	1	1	1	0	0
1	1	0	1	0	0	1	1	1	1	0
1	1	0	1	0	1	0	0	0	0	0
1	1	0	1	0	1	0	0	0	1	0
1	1	0	1	0	1	0	0	1	0	0
1	1	0	1	0	1	0	0	1	1	0
1	1	0	1	0	1	0	1	0	0	0
1	1	0	1	0	1	0	1	0	1	0
1	1	0	1	0	1	0	1	1	0	0
1	1	0	1	0	1	0	1	1	1	0
1	1	0	1	0	1	1	0	0	0	0
1	1	0	1	0	1	1	0	0	1	0
1	1	0	1	0	1	1	0	1	0	0
1	1	0	1	0	1	1	0	1	1	0
1	1	0	1	0	1	1	1	0	0	0
1	1	0	1	0	1	1	1	0	1	0
1	1	0	1	0	1	1	1	1	0	0
1	1	0	1	0	1	1	1	1	1	0
1	1	0	1	1	0	0	0	0	0	0
1	1	0	1	1	0	0	0	0	1	0
1	1	0	1	1	0	0	0	1	0	1
1	1	0	1	1	0	0	0	1	1	0
1	1	0	1	1	0	0	1	0	0	0
1	1	0	1	1	0	0	1	0	1	0
1	1	0	1	1	0	0	1	1	0	0
1	1	0	1	1	0	0	1	1	1	0
1	1	0	1	1	0	1	0	0	0	0
1	1	0	1	1	0	1	0	0	1	0
1	1	0	1	1	0	1	0	1	0	1
1	1	0	1	1	0	1	0	1	1	0
1	1	0	1	1	0	1	1	0	0	0
1	1	0	1	1	0	1	1	0	1	0
1	1	0	1	1	0	1	1	1	0	0
1	1	0	1	1	0	1	1	1	1	0
1	1	0	1	1	1	0	0	0	0	0
1	1	0	1	1	1	0	0	0	1	0
1	1	0	1	1	1	0	0	1	0	0
1	1	0	1	1	1	0	0	1	1	0
1	1	0	1	1	1	0	1	0	0	0
1	1	0	1	1	1	0	1	0	1	0
1	1	0	1	1	1	0	1	1	0	0
1	1	0	1	1	1	0	1	1	1	0
1	1	0	1	1	1	1	0	0	0	0
1	1	0	1	1	1	1	0	0	1	0
1	1	0	1	1	1	1	0	1	0	1
1	1	0	1	1	1	1	0	1	1	0
1	1	0	1	1	1	1	1	0	0	0
1	1	0	1	1	1	1	1	0	1	0
1	1	0	1	1	1	1	1	1	0	0
1	1	0	1	1	1	1	1	1	1	0
1	1	1	0	0	0	0	0	0	0	0
1	1	1	0	0	0	0	0	0	1	0
1	1	1	0	0	0	0	0	1	0	0
1	1	1	0	0	0	0	0	1	1	0
1	1	1	0	0	0	0	1	0	0	0
1	1	1	0	0	0	0	1	0	1	0
1	1	1	0	0	0	0	1	1	0	0
1	1	1	0	0	0	0	1	1	1	0
1	1	1	0	0	0	1	0	0	0	0
1	1	1	0	0	0	1	0	0	1	0
1	1	1	0	0	0	1	0	1	0	0
1	1	1	0	0	0	1	0	1	1	0
1	1	1	0	0	0	1	1	0	0	0
1	1	1	0	0	0	1	1	0	1	0
1	1	1	0	0	0	1	1	1	0	0
1	1	1	0	0	0	1	1	1	1	0
1	1	1	0	0	1	0	0	0	0	0
1	1	1	0	0	1	0	0	0	1	0
1	1	1	0	0	1	0	0	1	0	0
1	1	1	0	0	1	0	0	1	1	0
1	1	1	0	0	1	0	1	0	0	0
1	1	1	0	0	1	0	1	0	1	0
1	1	1	0	0	1	0	1	1	0	0
1	1	1	0	0	1	0	1	1	1	0
1	1	1	0	0	1	1	0	0	0	0
1	1	1	0	0	1	1	0	0	1	0
1	1	1	0	0	1	1	0	1	0	0
1	1	1	0	0	1	1	0	1	1	0
1	1	1	0	0	1	1	1	0	0	0
1	1	1	0	0	1	1	1	0	1	0
1	1	1	0	0	1	1	1	1	0	0
1	1	1	0	0	1	1	1	1	1	0
1	1	1	0	1	0	0	0	0	0	0
1	1	1	0	1	0	0	0	0	1	0
1	1	1	0	1	0	0	0	1	0	1
1	1	1	0	1	0	0	0	1	1	1
1	1	1	0	1	0	0	1	0	0	0
1	1	1	0	1	0	0	1	0	1	0
1	1	1	0	1	0	0	1	1	0	0
1	1	1	0	1	0	0	1	1	1	0
1	1	1	0	1	0	1	0	0	0	0
1	1	1	0	1	0	1	0	0	1	0
1	1	1	0	1	0	1	0	1	0	1
1	1	1	0	1	0	1	0	1	1	1
1	1	1	0	1	0	1	1	0	0	0
1	1	1	0	1	0	1	1	0	1	0
1	1	1	0	1	0	1	1	1	0	0
1	1	1	0	1	0	1	1	1	1	0
1	1	1	0	1	1	0	0	0	0	0
1	1	1	0	1	1	0	0	0	1	0
1	1	1	0	1	1	0	0	1	0	1
1	1	1	0	1	1	0	0	1	1	1
1	1	1	0	1	1	0	1	0	0	0
1	1	1	0	1	1	0	1	0	1	0
1	1	1	0	1	1	0	1	1	0	0
1	1	1	0	1	1	0	1	1	1	0
1	1	1	0	1	1	1	0	0	0	0
1	1	1	0	1	1	1	0	0	1	0
1	1	1	0	1	1	1	0	1	0	1
1	1	1	0	1	1	1	0	1	1	1
1	1	1	0	1	1	1	1	0	0	0
1	1	1	0	1	1	1	1	0	1	0
1	1	1	0	1	1	1	1	1	0	0
1	1	1	0	1	1	1	1	1	1	0
1	1	1	1	0	0	0	0	0	0	0
1	1	1	1	0	0	0	0	0	1	0
1	1	1	1	0	0	0	0	1	0	0
1	1	1	1	0	0	0	0	1	1	0
1	1	1	1	0	0	0	1	0	0	0
1	1	1	1	0	0	0	1	0	1	0
1	1	1	1	0	0	0	1	1	0	0
1	1	1	1	0	0	0	1	1	1	0
1	1	1	1	0	0	1	0	0	0	0
1	1	1	1	0	0	1	0	0	1	0
1	1	1	1	0	0	1	0	1	0	0
1	1	1	1	0	0	1	0	1	1	0
1	1	1	1	0	0	1	1	0	0	0
1	1	1	1	0	0	1	1	0	1	0
1	1	1	1	0	0	1	1	1	0	0
1	1	1	1	0	0	1	1	1	1	0
1	1	1	1	0	1	0	0	0	0	0
1	1	1	1	0	1	0	0	0	1	0
1	1	1	1	0	1	0	0	1	0	0
1	1	1	1	0	1	0	0	1	1	0
1	1	1	1	0	1	0	1	0	0	0
1	1	1	1	0	1	0	1	0	1	0
1	1	1	1	0	1	0	1	1	0	0
1	1	1	1	0	1	0	1	1	1	0
1	1	1	1	0	1	1	0	0	0	0
1	1	1	1	0	1	1	0	0	1	0
1	1	1	1	0	1	1	0	1	0	0
1	1	1	1	0	1	1	0	1	1	0
1	1	1	1	0	1	1	1	0	0	0
1	1	1	1	0	1	1	1	0	1	0
1	1	1	1	0	1	1	1	1	0	0
1	1	1	1	0	1	1	1	1	1	0
1	1	1	1	1	0	0	0	0	0	0
1	1	1	1	1	0	0	0	0	1	0
1	1	1	1	1	0	0	0	1	0	1
1	1	1	1	1	0	0	0	1	1	0
1	1	1	1	1	0	0	1	0	0	0
1	1	1	1	1	0	0	1	0	1	0
1	1	1	1	1	0	0	1	1	0	0
1	1	1	1	1	0	0	1	1	1	0
1	1	1	1	1	0	1	0	0	0	0
1	1	1	1	1	0	1	0	0	1	0
1	1	1	1	1	0	1	0	1	0	1
1	1	1	1	1	0	1	0	1	1	0
1	1	1	1	1	0	1	1	0	0	0
1	1	1	1	1	0	1	1	0	1	0
1	1	1	1	1	0	1	1	1	0	0
1	1	1	1	1	0	1	1	1	1	0
1	1	1	1	1	1	0	0	0	0	0
1	1	1	1	1	1	0	0	0	1	0
1	1	1	1	1	1	0	0	1	0	1
1	1	1	1	1	1	0	0	1	1	0
1	1	1	1	1	1	0	1	0	0	0
1	1	1	1	1	1	0	1	0	1	0
1	1	1	1	1	1	0	1	1	0	0
1	1	1	1	1	1	0	1	1	1	0
1	1	1	1	1	1	1	0	0	0	0
1	1	1	1	1	1	1	0	0	1	0
1	1	1	1	1	1	1	0	1	0	1
1	1	1	1	1	1	1	0	1	1	0
1	1	1	1	1	1	1	1	0	0	0
1	1	1	1	1	1	1	1	0	1	0
1	1	1	1	1	1	1	1	1	0	0
1	1	1	1	1	1	1	1	1	1	0
